{"loss": 0.5474863003600727, "micro_f1": 0.7194117647058824, "binary_f1": 0.666250151506819, "macro_f1": 0.7193051457361741, "prec": 0.6668697817319087, "recall": 0.6666502511572935}