{"loss": 0.5516199745915153, "micro_f1": 0.7305882352941178, "binary_f1": 0.6506005121176089, "macro_f1": 0.7258703125789645, "prec": 0.7105232546446062, "recall": 0.6023342854328769}