{"loss": 0.535744449225339, "micro_f1": 0.7288235294117648, "macro_f1": 0.7232414883091669, "prec": 0.7134354268022998, "recall": 0.5924061853639319}