{"loss": 0.5665043852545998, "micro_f1": 0.7158823529411765, "binary_f1": 0.6006639236482058, "macro_f1": 0.7042118463870839, "prec": 0.7294781722592385, "recall": 0.5125775632817886}