{"loss": 0.5681900550018657, "micro_f1": 0.7252941176470589, "binary_f1": 0.6099637811810977, "macro_f1": 0.7130370851750906, "prec": 0.751131975862473, "recall": 0.5154634098296069}