{"loss": 0.44266174763441085, "micro_f1": 0.7962783943574319, "binary_f1": 0.8457642524697461, "macro_f1": 0.7950651603380666, "prec": 0.8396305558448379, "recall": 0.8536752632087318}