{"loss": [0.6114984953403473, 0.5328666299581528, 0.5250152224302291, 0.5040057945251465, 0.5260639077425003, 0.49593257367610927, 0.49639196634292604, 0.4898720598220825, 0.4898930525779724], "micro_f1": [0.7225806451612902, 0.7458064516129033, 0.7529032258064515, 0.7567741935483869, 0.7483870967741936, 0.7619354838709677, 0.7503225806451613, 0.7574193548387097, 0.7516129032258064], "binary_f1": [0.7032462465901161, 0.7306429476795779, 0.7032250557367375, 0.7525774329675684, 0.6978296799671447, 0.7347601387987234, 0.7149429064086599, 0.7527891023587313, 0.7253998454667014], "macro_f1": [0.7216197178229955, 0.7454036684867323, 0.7471342806722925, 0.7566865194548559, 0.7423608663566913, 0.759905379500791, 0.7469608468347188, 0.7572646310853189, 0.7500115651489327], "prec": [0.7311860917698724, 0.7507616050734524, 0.839262714190063, 0.7411379704279255, 0.8347784853964857, 0.7972125836759415, 0.7978958528083038, 0.7432192056901628, 0.7799959033144888], "recall": [0.68, 0.712, 0.6053333333333334, 0.7653333333333332, 0.6013333333333334, 0.6839999999999999, 0.6519999999999999, 0.764, 0.6786666666666666]}