{"loss": 0.535290990634398, "micro_f1": 0.7341176470588235, "binary_f1": 0.636140482218085, "macro_f1": 0.7253701064855523, "prec": 0.7458486662913709, "recall": 0.5587708066581307}