{"loss": [0.5894610724665902, 0.543259319933978, 0.5334612461653623, 0.5215561113574287], "micro_f1": [0.6882352941176471, 0.7258823529411765, 0.7294117647058824, 0.7458823529411764], "binary_f1": [0.7288438758453495, 0.7819577555250691, 0.7824791423844611, 0.7886972733729204], "macro_f1": [0.6914026312210142, 0.726187190949639, 0.7298604251653448, 0.7481977609836222], "prec": [0.786191392596785, 0.8037952740464751, 0.8030144644825625, 0.8437916163532861], "recall": [0.6818910913647757, 0.7663802407638023, 0.767741935483871, 0.7469369635986979]}