{"loss": [0.5760372751951218, 0.5209331542253495, 0.504506778717041, 0.4862379008531571, 0.4976548421382905, 0.48238975524902344, 0.46719973504543305, 0.4815454995632171, 0.4747473728656768], "micro_f1": [0.6565916398713827, 0.754983922829582, 0.7678456591639871, 0.7819935691318328, 0.7434083601286174, 0.7909967845659164, 0.7871382636655949, 0.7890675241157556, 0.7890675241157556], "binary_f1": [0.7925412715802198, 0.837355327826559, 0.8362700365341968, 0.8441140730193337, 0.7974857416448952, 0.8520223415652314, 0.8428136454973035, 0.8500568103139312, 0.8495952407385609], "macro_f1": [0.5211405649474634, 0.7220206364762582, 0.7553633780756036, 0.7727836496484064, 0.7462127787600525, 0.780314769071402, 0.7830429107183189, 0.7791244266551345, 0.7792818838910461], "prec": [0.6563717456695364, 0.7416848447702897, 0.7780629569360737, 0.7951264891706068, 0.8256867191510981, 0.7954724976646637, 0.816812159678663, 0.7964285464150642, 0.7984910008926406], "recall": [1.0, 0.9617647058823529, 0.903921568627451, 0.9, 0.7725490196078431, 0.9176470588235295, 0.8715686274509803, 0.9117647058823529, 0.9088235294117648]}