{"loss": [0.64044553399086, 0.6047503340244293, 0.5839001566171647, 0.5772583931684494, 0.5470515620708466, 0.5737159204483032, 0.5482266676425934, 0.5431947869062423, 0.5281246215105057], "micro_f1": [0.643225806451613, 0.6851612903225806, 0.6941935483870967, 0.7135483870967742, 0.7387096774193548, 0.6993548387096775, 0.7290322580645161, 0.7412903225806452, 0.7496774193548388], "binary_f1": [0.5381799926165404, 0.6556602131925703, 0.6715643271930897, 0.725208747432338, 0.7311425339752641, 0.6745780107296226, 0.6990723671692723, 0.7281808157876695, 0.7395429124485328], "macro_f1": [0.6264457792864864, 0.6835544623178312, 0.6931710518459357, 0.7125812533405742, 0.7384796698517243, 0.6980235913816356, 0.7270157724816964, 0.740853064201324, 0.7494527483413588], "prec": [0.7187172267545693, 0.6967726121434489, 0.6985111886213963, 0.6767830197910583, 0.7277892008816249, 0.7071613070481828, 0.7552491756881488, 0.7409331994606437, 0.7455876858250045], "recall": [0.43066666666666664, 0.6199999999999999, 0.6479999999999999, 0.7813333333333332, 0.736, 0.6466666666666667, 0.6519999999999999, 0.7173333333333334, 0.7346666666666668]}