{"loss": 0.5511860614473169, "micro_f1": 0.7164705882352942, "binary_f1": 0.6199183567679648, "macro_f1": 0.7089665500182558, "prec": 0.7110452071301778, "recall": 0.5517876489707476}