{"loss": 0.5451426592740145, "micro_f1": 0.7276470588235295, "binary_f1": 0.6369228828998892, "macro_f1": 0.7209542151867808, "prec": 0.7222451057553028, "recall": 0.571407465773663}