{"loss": 0.5428681498224085, "micro_f1": 0.7288235294117648, "binary_f1": 0.648504459879341, "macro_f1": 0.723661497272166, "prec": 0.7066497340091857, "recall": 0.6064315965724416}