{"loss": 0.53914048129862, "micro_f1": 0.7264705882352942, "binary_f1": 0.6535602173808559, "macro_f1": 0.7228331183954155, "prec": 0.6994018425263452, "recall": 0.6189894612429824}