{"loss": 0.5423030712387779, "micro_f1": 0.7305882352941178, "binary_f1": 0.6545236655266679, "macro_f1": 0.7262522116600899, "prec": 0.7003152183258445, "recall": 0.6203979119472077}