{"loss": 0.5891589088873429, "micro_f1": 0.7035294117647058, "binary_f1": 0.6162167839803367, "macro_f1": 0.6984061897992224, "prec": 0.6746435334672134, "recall": 0.5699399192356939}