{"loss": 0.540776372497732, "micro_f1": 0.7311764705882353, "binary_f1": 0.650335278310877, "macro_f1": 0.7259631791153355, "prec": 0.7171065419661177, "recall": 0.6008174923667882}