{"loss": 0.5365960278294304, "micro_f1": 0.7364705882352942, "binary_f1": 0.6721803004724685, "macro_f1": 0.7341606488231617, "prec": 0.7075046093805335, "recall": 0.6442332315571753}